<?xml version="1.0" encoding="UTF-8"?>
<point_cloud version="1.2.0">
  <tracks path="tracks.ply" count="134111"/>
  <points path="points.ply" count="108096"/>
  <projections camera_id="0" path="p0.ply" count="3094"/>
  <projections camera_id="1" path="p1.ply" count="1896"/>
  <projections camera_id="2" path="p2.ply" count="2350"/>
  <projections camera_id="3" path="p3.ply" count="2556"/>
  <projections camera_id="4" path="p4.ply" count="2894"/>
  <projections camera_id="5" path="p5.ply" count="2893"/>
  <projections camera_id="6" path="p6.ply" count="2996"/>
  <projections camera_id="7" path="p7.ply" count="1762"/>
  <projections camera_id="8" path="p8.ply" count="2460"/>
  <projections camera_id="9" path="p9.ply" count="2279"/>
  <projections camera_id="10" path="p10.ply" count="2076"/>
  <projections camera_id="11" path="p11.ply" count="2672"/>
  <projections camera_id="12" path="p12.ply" count="2795"/>
  <projections camera_id="13" path="p13.ply" count="2746"/>
  <projections camera_id="14" path="p14.ply" count="2238"/>
  <projections camera_id="15" path="p15.ply" count="2152"/>
  <projections camera_id="16" path="p16.ply" count="2741"/>
  <projections camera_id="17" path="p17.ply" count="2191"/>
  <projections camera_id="18" path="p18.ply" count="2087"/>
  <projections camera_id="19" path="p19.ply" count="1918"/>
  <projections camera_id="20" path="p20.ply" count="1601"/>
  <projections camera_id="21" path="p21.ply" count="1363"/>
  <projections camera_id="22" path="p22.ply" count="1360"/>
  <projections camera_id="23" path="p23.ply" count="1488"/>
  <projections camera_id="24" path="p24.ply" count="1437"/>
  <projections camera_id="25" path="p25.ply" count="1197"/>
  <projections camera_id="26" path="p26.ply" count="1648"/>
  <projections camera_id="27" path="p27.ply" count="1334"/>
  <projections camera_id="28" path="p28.ply" count="1722"/>
  <projections camera_id="29" path="p29.ply" count="1361"/>
  <projections camera_id="30" path="p30.ply" count="1507"/>
  <projections camera_id="31" path="p31.ply" count="1554"/>
  <projections camera_id="32" path="p32.ply" count="2052"/>
  <projections camera_id="33" path="p33.ply" count="1945"/>
  <projections camera_id="34" path="p34.ply" count="1378"/>
  <projections camera_id="35" path="p35.ply" count="1450"/>
  <projections camera_id="36" path="p36.ply" count="1630"/>
  <projections camera_id="37" path="p37.ply" count="1652"/>
  <projections camera_id="38" path="p38.ply" count="2166"/>
  <projections camera_id="39" path="p39.ply" count="2110"/>
  <projections camera_id="40" path="p40.ply" count="1853"/>
  <projections camera_id="41" path="p41.ply" count="1953"/>
  <projections camera_id="42" path="p42.ply" count="2487"/>
  <projections camera_id="43" path="p43.ply" count="1749"/>
  <projections camera_id="44" path="p44.ply" count="1932"/>
  <projections camera_id="45" path="p45.ply" count="1145"/>
  <projections camera_id="46" path="p46.ply" count="2078"/>
  <projections camera_id="47" path="p47.ply" count="1443"/>
  <projections camera_id="48" path="p48.ply" count="2051"/>
  <projections camera_id="49" path="p49.ply" count="2300"/>
  <projections camera_id="50" path="p50.ply" count="2001"/>
  <projections camera_id="51" path="p51.ply" count="1751"/>
  <projections camera_id="52" path="p52.ply" count="2487"/>
  <projections camera_id="53" path="p53.ply" count="2587"/>
  <projections camera_id="54" path="p54.ply" count="2261"/>
  <projections camera_id="55" path="p55.ply" count="2913"/>
  <projections camera_id="56" path="p56.ply" count="2869"/>
  <projections camera_id="57" path="p57.ply" count="2672"/>
  <projections camera_id="58" path="p58.ply" count="2621"/>
  <projections camera_id="59" path="p59.ply" count="2369"/>
  <projections camera_id="60" path="p60.ply" count="1743"/>
  <projections camera_id="61" path="p61.ply" count="2068"/>
  <projections camera_id="62" path="p62.ply" count="2265"/>
  <projections camera_id="63" path="p63.ply" count="2371"/>
  <projections camera_id="64" path="p64.ply" count="1939"/>
  <projections camera_id="65" path="p65.ply" count="2351"/>
  <projections camera_id="66" path="p66.ply" count="2070"/>
  <projections camera_id="67" path="p67.ply" count="1707"/>
  <projections camera_id="68" path="p68.ply" count="1802"/>
  <projections camera_id="69" path="p69.ply" count="1785"/>
  <projections camera_id="70" path="p70.ply" count="1820"/>
  <projections camera_id="71" path="p71.ply" count="1570"/>
  <projections camera_id="72" path="p72.ply" count="588"/>
  <projections camera_id="73" path="p73.ply" count="2146"/>
  <projections camera_id="74" path="p74.ply" count="2268"/>
  <projections camera_id="75" path="p75.ply" count="2275"/>
  <projections camera_id="76" path="p76.ply" count="2346"/>
  <projections camera_id="77" path="p77.ply" count="2185"/>
  <projections camera_id="78" path="p78.ply" count="1603"/>
  <projections camera_id="79" path="p79.ply" count="2318"/>
  <projections camera_id="80" path="p80.ply" count="1822"/>
  <projections camera_id="81" path="p81.ply" count="1349"/>
  <projections camera_id="82" path="p82.ply" count="2099"/>
  <projections camera_id="83" path="p83.ply" count="2232"/>
  <projections camera_id="84" path="p84.ply" count="2052"/>
  <projections camera_id="85" path="p85.ply" count="1751"/>
  <projections camera_id="86" path="p86.ply" count="803"/>
  <projections camera_id="87" path="p87.ply" count="2967"/>
  <projections camera_id="88" path="p88.ply" count="2451"/>
  <projections camera_id="89" path="p89.ply" count="2586"/>
  <projections camera_id="90" path="p90.ply" count="1425"/>
  <projections camera_id="91" path="p91.ply" count="2668"/>
  <projections camera_id="93" path="p93.ply" count="3266"/>
  <projections camera_id="94" path="p94.ply" count="3069"/>
  <projections camera_id="95" path="p95.ply" count="4200"/>
  <projections camera_id="96" path="p96.ply" count="3974"/>
  <projections camera_id="97" path="p97.ply" count="4184"/>
  <projections camera_id="98" path="p98.ply" count="4017"/>
  <projections camera_id="99" path="p99.ply" count="4085"/>
  <projections camera_id="100" path="p100.ply" count="4046"/>
  <projections camera_id="101" path="p101.ply" count="4286"/>
  <projections camera_id="102" path="p102.ply" count="2725"/>
  <projections camera_id="103" path="p103.ply" count="4051"/>
  <projections camera_id="104" path="p104.ply" count="4017"/>
  <projections camera_id="105" path="p105.ply" count="4061"/>
  <projections camera_id="106" path="p106.ply" count="4032"/>
  <projections camera_id="107" path="p107.ply" count="3357"/>
  <projections camera_id="108" path="p108.ply" count="3415"/>
  <projections camera_id="109" path="p109.ply" count="4057"/>
  <projections camera_id="110" path="p110.ply" count="4018"/>
  <projections camera_id="111" path="p111.ply" count="3993"/>
  <projections camera_id="112" path="p112.ply" count="4003"/>
  <projections camera_id="113" path="p113.ply" count="4012"/>
  <projections camera_id="114" path="p114.ply" count="4039"/>
  <projections camera_id="115" path="p115.ply" count="4002"/>
  <projections camera_id="116" path="p116.ply" count="4231"/>
  <projections camera_id="117" path="p117.ply" count="4079"/>
  <projections camera_id="118" path="p118.ply" count="4062"/>
  <projections camera_id="119" path="p119.ply" count="4028"/>
  <projections camera_id="120" path="p120.ply" count="4003"/>
  <projections camera_id="121" path="p121.ply" count="1530"/>
  <projections camera_id="122" path="p122.ply" count="3999"/>
  <projections camera_id="123" path="p123.ply" count="3960"/>
  <projections camera_id="124" path="p124.ply" count="4111"/>
  <projections camera_id="125" path="p125.ply" count="3986"/>
  <projections camera_id="126" path="p126.ply" count="4067"/>
  <projections camera_id="127" path="p127.ply" count="4098"/>
  <projections camera_id="128" path="p128.ply" count="1419"/>
  <projections camera_id="129" path="p129.ply" count="4932"/>
  <projections camera_id="130" path="p130.ply" count="4782"/>
  <projections camera_id="131" path="p131.ply" count="4645"/>
  <projections camera_id="132" path="p132.ply" count="3995"/>
  <projections camera_id="133" path="p133.ply" count="2900"/>
  <projections camera_id="134" path="p134.ply" count="2984"/>
  <projections camera_id="135" path="p135.ply" count="2594"/>
  <projections camera_id="136" path="p136.ply" count="4012"/>
  <projections camera_id="137" path="p137.ply" count="4109"/>
  <projections camera_id="138" path="p138.ply" count="4211"/>
  <projections camera_id="139" path="p139.ply" count="478"/>
  <projections camera_id="140" path="p140.ply" count="3210"/>
  <projections camera_id="141" path="p141.ply" count="3226"/>
  <projections camera_id="142" path="p142.ply" count="3550"/>
  <projections camera_id="143" path="p143.ply" count="3945"/>
  <projections camera_id="144" path="p144.ply" count="4013"/>
  <projections camera_id="145" path="p145.ply" count="4010"/>
  <projections camera_id="146" path="p146.ply" count="2283"/>
  <projections camera_id="147" path="p147.ply" count="3447"/>
  <projections camera_id="148" path="p148.ply" count="332"/>
  <projections camera_id="149" path="p149.ply" count="4062"/>
  <projections camera_id="150" path="p150.ply" count="4003"/>
  <projections camera_id="151" path="p151.ply" count="4164"/>
  <projections camera_id="152" path="p152.ply" count="3998"/>
  <projections camera_id="153" path="p153.ply" count="3996"/>
  <projections camera_id="154" path="p154.ply" count="2838"/>
  <projections camera_id="155" path="p155.ply" count="4008"/>
  <projections camera_id="156" path="p156.ply" count="4201"/>
  <projections camera_id="157" path="p157.ply" count="4065"/>
  <projections camera_id="158" path="p158.ply" count="4076"/>
  <projections camera_id="159" path="p159.ply" count="4160"/>
  <projections camera_id="160" path="p160.ply" count="4002"/>
  <projections camera_id="161" path="p161.ply" count="4022"/>
  <projections camera_id="162" path="p162.ply" count="3735"/>
  <projections camera_id="163" path="p163.ply" count="2697"/>
  <projections camera_id="164" path="p164.ply" count="3546"/>
  <projections camera_id="165" path="p165.ply" count="4036"/>
  <projections camera_id="166" path="p166.ply" count="4010"/>
  <projections camera_id="167" path="p167.ply" count="3752"/>
  <projections camera_id="168" path="p168.ply" count="2940"/>
  <projections camera_id="169" path="p169.ply" count="2661"/>
  <projections camera_id="170" path="p170.ply" count="3484"/>
  <projections camera_id="171" path="p171.ply" count="1165"/>
  <projections camera_id="172" path="p172.ply" count="1896"/>
  <projections camera_id="173" path="p173.ply" count="3675"/>
  <projections camera_id="174" path="p174.ply" count="3743"/>
  <projections camera_id="175" path="p175.ply" count="4009"/>
  <projections camera_id="176" path="p176.ply" count="4785"/>
  <projections camera_id="177" path="p177.ply" count="1485"/>
  <projections camera_id="178" path="p178.ply" count="3997"/>
  <projections camera_id="179" path="p179.ply" count="1753"/>
  <projections camera_id="180" path="p180.ply" count="4226"/>
  <projections camera_id="181" path="p181.ply" count="1900"/>
  <projections camera_id="182" path="p182.ply" count="1066"/>
  <projections camera_id="183" path="p183.ply" count="173"/>
  <projections camera_id="184" path="p184.ply" count="4337"/>
  <projections camera_id="185" path="p185.ply" count="3989"/>
  <projections camera_id="186" path="p186.ply" count="1706"/>
  <projections camera_id="187" path="p187.ply" count="1692"/>
  <projections camera_id="188" path="p188.ply" count="1662"/>
  <projections camera_id="189" path="p189.ply" count="648"/>
  <projections camera_id="190" path="p190.ply" count="800"/>
  <projections camera_id="191" path="p191.ply" count="691"/>
  <projections camera_id="192" path="p192.ply" count="960"/>
  <projections camera_id="193" path="p193.ply" count="3627"/>
  <projections camera_id="194" path="p194.ply" count="3791"/>
  <projections camera_id="195" path="p195.ply" count="2561"/>
  <projections camera_id="196" path="p196.ply" count="4005"/>
  <projections camera_id="197" path="p197.ply" count="3118"/>
  <projections camera_id="198" path="p198.ply" count="3687"/>
  <projections camera_id="199" path="p199.ply" count="2695"/>
  <projections camera_id="200" path="p200.ply" count="2251"/>
  <projections camera_id="201" path="p201.ply" count="1603"/>
  <projections camera_id="202" path="p202.ply" count="1619"/>
  <projections camera_id="203" path="p203.ply" count="1603"/>
  <projections camera_id="204" path="p204.ply" count="1646"/>
  <projections camera_id="205" path="p205.ply" count="1137"/>
  <projections camera_id="206" path="p206.ply" count="1098"/>
  <projections camera_id="207" path="p207.ply" count="771"/>
  <projections camera_id="208" path="p208.ply" count="966"/>
  <projections camera_id="209" path="p209.ply" count="1130"/>
  <projections camera_id="210" path="p210.ply" count="842"/>
  <meta>
    <property name="match/duration" value="3687.263479"/>
    <property name="match/match_downscale" value="2"/>
    <property name="match/match_filter_mask" value="false"/>
    <property name="match/match_point_limit" value="40000"/>
    <property name="match/match_select_pairs" value="1"/>
    <property name="match/match_tiepoint_limit" value="4000"/>
  </meta>
</point_cloud>
